{"bow_log_reg_sklearn_train": 0.9977685523449276, "bow_log_reg_sklearn_test": 0.8632912603519866, "bow_nn_torch_train": 0.9962968965068972, "bow_nn_torch_test": 0.8711357747912207, "bow_k_vary": [0.6628978930166969, 0.8128335821325554, 0.8443160159651906, 0.8546003211738828, 0.860949322153496, 0.866342086064598, 0.8648123242051382, 0.8682165064240213, 0.8717587694930476], "tf_idf_nn_torch_train": 0.9902934190968384, "tf_idf_nn_torch_test": 0.8787367450538245, "tf_idf_k_vary": [0.6970261516432165, 0.8167813897457028, 0.8481991321564205, 0.8605883548917044, 0.8643062089630781, 0.8665421402096872, 0.8698484698576029, 0.8710216134584252, 0.8763817598458713], "bow_nb_sklearn_train": 0.9849543587926108, "bow_nb_sklearn_test": 0.8761142961518933, "tf_idf_nb_sklearn_train": 0.9801147734465904, "tf_idf_nb_sklearn_test": 0.8831096677252865, "emb_nn_torch_train": 0.956233106052992, "emb_nn_torch_test": 0.888844915634775}